arm,rate,rep,case,cancel_rate,n_survivors,ttft_p50_ms,ttft_p95_ms,ttft_p99_ms,e2e_p95_ms,useful_tokens_per_s,wall_s,kv_usage_mean,kv_usage_max,queue_max,running_mean,n_usage_samples
broken,4,1,main_r4_c00,0.0,100,52.8,61.4,65.1,10897.7,1459.1,35.2,0.318,0.65,0,30.9,238
broken,4,1,main_r4_c10,0.1,91,52.5,62.1,63.8,11053.6,1432.6,32.7,0.32,0.59,0,31.0,223
broken,4,1,main_r4_c20,0.2,80,51.6,59.6,60.8,10837.5,1114.7,36.9,0.311,0.64,0,29.7,233
broken,4,1,main_r4_c40,0.4,59,51.9,62.8,65.8,11014.6,993.7,30.5,0.368,0.64,0,34.3,161
broken,8,1,main_r8_c00,0.0,100,54.5,2188.6,2399.9,12345.2,2066.2,24.9,0.344,1.0,36,42.1,235
broken,8,1,main_r8_c10,0.1,91,57.6,4167.9,4308.8,14911.9,1802.9,25.9,0.363,1.0,39,41.0,232
broken,8,1,main_r8_c20,0.2,80,54.9,2465.4,2560.7,12679.9,1693.7,24.3,0.346,1.0,41,40.5,218
broken,8,1,main_r8_c40,0.4,59,52.4,4371.5,4394.4,14900.1,1234.9,24.6,0.422,1.0,41,43.0,146
broken,12,1,main_r12_c00,0.0,100,56.1,6015.3,6101.8,16663.0,2069.8,24.8,0.311,1.0,48,41.6,238
broken,12,1,main_r12_c10,0.1,91,57.7,6405.6,6554.1,17359.7,1939.7,24.1,0.321,1.0,48,41.5,250
broken,12,1,main_r12_c20,0.2,80,57.4,6023.2,6077.7,16994.8,1641.0,25.1,0.318,1.0,49,41.1,240
broken,12,1,main_r12_c40,0.4,59,57.5,6817.5,6972.1,17608.9,1255.9,24.1,0.372,1.0,49,41.3,153
broken,12,2,main_r12_c00,0.0,100,52.4,5542.0,5623.4,15976.6,2126.2,24.2,0.31,1.0,48,41.8,247
broken,12,2,main_r12_c10,0.1,91,54.0,6070.5,6214.6,16671.9,1988.6,23.5,0.328,1.0,48,41.5,248
broken,12,2,main_r12_c20,0.2,80,54.1,5305.0,5380.7,15666.7,1712.2,24.0,0.339,1.0,49,41.2,250
broken,12,2,main_r12_c40,0.4,59,55.5,6223.1,6388.1,17054.2,1288.1,23.5,0.38,1.0,49,41.6,157
broken,12,3,main_r12_c00,0.0,100,54.5,5548.0,5648.6,16198.9,2104.1,24.4,0.296,1.0,45,41.8,248
broken,12,3,main_r12_c10,0.1,91,56.3,6287.3,6418.4,17044.0,1959.8,23.9,0.323,1.0,49,41.4,247
broken,12,3,main_r12_c20,0.2,80,55.5,5514.5,5546.3,16110.1,1685.7,24.4,0.319,1.0,49,40.5,237
broken,12,3,main_r12_c40,0.4,59,57.7,6578.5,6683.0,17160.1,1282.3,23.6,0.373,1.0,49,41.0,152
broken,16,1,main_r16_c00,0.0,100,53.7,6942.6,6968.5,17391.3,2180.5,23.6,0.301,0.99,51,41.2,233
broken,16,1,main_r16_c10,0.1,91,55.6,7362.1,7499.0,17795.7,2048.6,22.8,0.299,1.0,51,40.6,240
broken,16,1,main_r16_c20,0.2,80,52.8,6774.0,6812.9,17066.5,1766.6,23.3,0.316,1.0,51,40.0,238
broken,16,1,main_r16_c40,0.4,59,56.0,7359.9,7436.1,17868.4,1336.2,22.7,0.362,1.0,51,40.4,150
fixed,4,1,main_r4_c00,0.0,100,52.6,62.4,66.1,10811.9,1454.7,35.3,0.304,0.65,0,29.3,236
fixed,4,1,main_r4_c10,0.1,91,49.0,61.2,64.2,10746.9,1427.4,32.8,0.286,0.54,0,27.7,231
fixed,4,1,main_r4_c20,0.2,80,51.3,62.7,64.6,10712.7,1121.2,36.7,0.231,0.54,0,22.0,229
fixed,4,1,main_r4_c40,0.4,59,53.4,59.6,61.1,10715.6,1006.2,30.1,0.228,0.39,0,21.1,157
fixed,8,1,main_r8_c00,0.0,100,57.0,2672.2,2915.8,12833.3,2049.0,25.1,0.336,0.97,22,41.5,246
fixed,8,1,main_r8_c10,0.1,91,53.7,4000.9,4308.3,14359.6,1839.0,25.4,0.339,0.97,22,37.8,237
fixed,8,1,main_r8_c20,0.2,80,50.4,60.1,63.8,11516.9,1758.4,23.4,0.315,0.81,21,34.8,254
fixed,8,1,main_r8_c40,0.4,59,52.5,61.9,62.9,11432.7,1499.5,20.2,0.322,0.81,0,34.7,146
fixed,12,1,main_r12_c00,0.0,100,53.6,5548.5,5656.0,15867.3,2138.1,24.0,0.298,1.0,44,41.4,257
fixed,12,1,main_r12_c10,0.1,91,54.6,5672.1,5789.9,15920.4,2054.9,22.8,0.319,1.0,44,40.1,267
fixed,12,1,main_r12_c20,0.2,80,52.1,4254.5,4314.4,14103.6,1775.3,23.2,0.284,1.0,38,36.2,261
fixed,12,1,main_r12_c40,0.4,59,51.8,59.8,62.9,11516.8,1788.1,17.0,0.261,1.0,20,32.8,135
fixed,12,2,main_r12_c00,0.0,100,54.8,5615.9,5709.6,16034.6,2121.8,24.2,0.297,1.0,44,41.5,259
fixed,12,2,main_r12_c10,0.1,91,53.7,5651.4,5757.7,16113.6,2031.2,23.0,0.316,1.0,43,39.8,268
fixed,12,2,main_r12_c20,0.2,80,52.1,4285.8,4356.0,14230.4,1763.8,23.3,0.283,0.99,39,36.0,263
fixed,12,2,main_r12_c40,0.4,59,53.1,61.1,63.0,11481.1,1787.0,17.0,0.26,0.99,20,32.3,133
fixed,12,3,main_r12_c00,0.0,100,53.5,5548.3,5629.0,16041.5,2123.2,24.2,0.305,1.0,44,41.4,247
fixed,12,3,main_r12_c10,0.1,91,54.1,5922.0,6086.7,16299.0,2017.2,23.2,0.325,1.0,44,40.4,266
fixed,12,3,main_r12_c20,0.2,80,53.0,4106.7,4293.5,14030.6,1773.5,23.2,0.292,1.0,39,36.7,264
fixed,12,3,main_r12_c40,0.4,59,51.5,60.5,68.0,11402.7,1785.1,17.0,0.272,1.0,19,33.4,137
fixed,16,1,main_r16_c00,0.0,100,54.2,6750.8,6783.1,17184.2,2202.3,23.3,0.291,1.0,48,41.3,247
fixed,16,1,main_r16_c10,0.1,91,53.9,6912.3,7068.2,17172.9,2094.5,22.3,0.292,1.0,48,39.9,259
fixed,16,1,main_r16_c20,0.2,80,49.2,5721.8,5835.6,15528.3,1837.0,22.4,0.265,1.0,42,36.4,258
fixed,16,1,main_r16_c40,0.4,59,53.9,60.6,62.9,11514.2,1815.4,16.7,0.273,1.0,28,33.1,135
vllm,12,1,main_r12_c00,0.0,100,58.0,628.9,898.6,9715.2,2869.8,17.9,0.326,0.717,0,,3
vllm,12,1,main_r12_c10,0.1,91,53.0,74.2,1188.1,9887.9,2705.7,17.3,0.481,0.851,0,,5
vllm,12,1,main_r12_c20,0.2,80,52.9,74.1,82.9,8832.4,2334.0,17.6,0.483,0.851,0,,5
vllm,12,1,main_r12_c40,0.4,59,52.5,64.7,66.2,8773.1,1962.8,15.4,0.557,0.851,0,,3
